{"lr": 0.1, "data_time": 0.0020445823669433595, "loss": 2.5663678646087646, "time": 7.27075424194336, "epoch": 1, "step": 100}
{"accuracy/top1": 28.502857208251953, "accuracy/top5": 73.3028564453125, "data_time": 0.1313379733231816, "time": 2.4315222823706857, "step": 1}
{"lr": 0.1, "data_time": 0.0017966985702514648, "loss": 2.3714856028556826, "time": 7.161384463310242, "epoch": 2, "step": 237}
{"accuracy/top1": 36.43428421020508, "accuracy/top5": 79.40571594238281, "data_time": 0.0026785515356754913, "time": 2.1958724588587666, "step": 2}
{"lr": 0.1, "data_time": 0.002044534683227539, "loss": 2.120736610889435, "time": 7.146352362632752, "epoch": 3, "step": 374}
{"accuracy/top1": 38.28571319580078, "accuracy/top5": 82.605712890625, "data_time": 0.002576724342677904, "time": 2.1998181222141655, "step": 3}
{"lr": 0.1, "data_time": 0.0020644664764404297, "loss": 2.0256057262420653, "time": 7.198265337944031, "epoch": 4, "step": 511}
{"accuracy/top1": 43.47428512573242, "accuracy/top5": 85.98857116699219, "data_time": 0.0027350584665934243, "time": 2.200432780860127, "step": 4}
{"lr": 0.1, "data_time": 0.002193713188171387, "loss": 2.020327591896057, "time": 7.216399359703064, "epoch": 5, "step": 648}
{"accuracy/top1": 51.20000076293945, "accuracy/top5": 88.2971420288086, "data_time": 0.0026802722958550935, "time": 2.236139644747195, "step": 5}
{"lr": 0.1, "data_time": 0.002396845817565918, "loss": 1.8372244238853455, "time": 7.782256603240967, "epoch": 6, "step": 785}
{"accuracy/top1": 44.43428421020508, "accuracy/top5": 86.605712890625, "data_time": 0.002963544665903285, "time": 2.424363060273986, "step": 6}
{"lr": 0.1, "data_time": 0.0022941350936889647, "loss": 1.781505572795868, "time": 7.948508405685425, "epoch": 7, "step": 922}
{"accuracy/top1": 49.46285629272461, "accuracy/top5": 88.15999603271484, "data_time": 0.003007517344709756, "time": 2.378504169160041, "step": 7}
{"lr": 0.1, "data_time": 0.002045297622680664, "loss": 1.7567878127098084, "time": 7.683525443077087, "epoch": 8, "step": 1059}
{"accuracy/top1": 54.10285568237305, "accuracy/top5": 90.78857421875, "data_time": 0.003958334093508513, "time": 2.5351205770520195, "step": 8}
{"lr": 0.1, "data_time": 0.00214533805847168, "loss": 1.6285452127456665, "time": 8.038549995422363, "epoch": 9, "step": 1196}
{"accuracy/top1": 53.87428665161133, "accuracy/top5": 89.66857147216797, "data_time": 0.003001226895097373, "time": 2.4833549209263013, "step": 9}
{"lr": 0.1, "data_time": 0.0023441314697265625, "loss": 1.5473129868507385, "time": 7.913138461112976, "epoch": 10, "step": 1333}
{"accuracy/top1": 57.25714111328125, "accuracy/top5": 91.31428527832031, "data_time": 1.3881097755570342, "time": 3.662389836449554, "step": 10}
{"lr": 0.1, "data_time": 0.0019435882568359375, "loss": 1.4975825905799867, "time": 7.405816626548767, "epoch": 11, "step": 1470}
{"accuracy/top1": 47.79428482055664, "accuracy/top5": 87.63428497314453, "data_time": 0.0024788656096527543, "time": 2.2400392777677895, "step": 11}
{"lr": 0.1, "data_time": 0.0019980907440185548, "loss": 1.6343851566314698, "time": 7.46320674419403, "epoch": 12, "step": 1607}
{"accuracy/top1": 58.788570404052734, "accuracy/top5": 91.29142761230469, "data_time": 0.002498365830684054, "time": 2.2196217429810674, "step": 12}
{"lr": 0.1, "data_time": 0.0017948150634765625, "loss": 1.6104337096214294, "time": 7.393775057792664, "epoch": 13, "step": 1744}
{"accuracy/top1": 59.5428581237793, "accuracy/top5": 93.34857177734375, "data_time": 0.0027201728544373445, "time": 2.4030601097189863, "step": 13}
{"lr": 0.1, "data_time": 0.002045869827270508, "loss": 1.620596468448639, "time": 7.328854775428772, "epoch": 14, "step": 1881}
{"accuracy/top1": 59.08571243286133, "accuracy/top5": 92.54856872558594, "data_time": 4.452182185822639, "time": 6.670758667199508, "step": 14}
{"lr": 0.1, "data_time": 0.002319145202636719, "loss": 1.6088063955307006, "time": 7.65565128326416, "epoch": 15, "step": 2018}
{"accuracy/top1": 60.77714157104492, "accuracy/top5": 93.3028564453125, "data_time": 0.002829539603081302, "time": 2.3259904194569243, "step": 15}
